Elijah,Adams,egestas.rhoncus.Proin@ridiculusmus.org
Nero,Aguilar,orci.Ut@orciluctus.org
Victoria,Ayala,enim.sit.amet@amifringilla.org
Mollie,Barry,Nunc.ut@tellus.net
Odysseus,Bass,Etiam.bibendum.fermentum@gravidanunc.ca
Dexter,Bean,Nulla.interdum.Curabitur@acnulla.edu
Lacy,Becker,euismod@massa.co.uk
Kareem,Blanchard,mauris.rhoncus@morbitristiquesenectus.ca
Coby,Boyer,fringilla@velpede.edu
Harding,Bridges,nec.tempus.scelerisque@mifringilla.co.uk
Kirk,Browning,pede.nonummy@ultricesDuisvolutpat.com
Jessamine,Burks,magnis.dis@liberoDonecconsectetuer.co.uk
Shannon,Burnett,ullamcorper.eu@sapienAenean.org
Echo,Burns,semper@dictumeleifendnunc.edu
Sade,Callahan,Duis@ipsumsodalespurus.co.uk
Galvin,Carpenter,lorem.eget.mollis@erat.edu
Kimberly,Carr,non@nuncsitamet.net
Kirk,Carrillo,non.enim@gravida.co.uk
Kendall,Chaney,sem.molestie@non.net
Madaline,Cherry,sapien.molestie@rutrum.net
Germaine,Christensen,sagittis.Nullam@afeugiat.co.uk
Kelly,Cole,est.ac.mattis@Duis.org
Malcolm,Compton,tellus.justo@euodiotristique.net
Hope,Craft,Aenean.eget@Nullasemper.edu
Lilah,Curtis,vitae.orci.Phasellus@Nuncacsem.com
Bradley,Daniels,quis@egetmetus.org
Russell,Delacruz,felis.purus@amet.org
Elliott,Dickson,luctus.ipsum.leo@ultrices.edu
Maryam,Doyle,imperdiet.erat@feugiat.edu
Wyatt,Duke,dapibus.ligula@quamCurabiturvel.ca
Damon,Edwards,facilisis@Ut.ca
Brady,Estes,non.bibendum.sed@aultriciesadipiscing.net
Kiara,Evans,nec.ligula.consectetuer@odio.com
Molly,Ferrell,porttitor.scelerisque@Sed.edu
Gloria,Franklin,id.libero.Donec@Fuscefeugiat.ca
Brett,Frazier,erat.neque@dolordolortempus.com
Otto,Frederick,Nunc.quis.arcu@mauris.org
Serena,Fuentes,et@utaliquamiaculis.co.uk
Preston,Gilbert,augue.eu@nulla.org
Kylynn,Grant,venenatis.vel@ametconsectetueradipiscing.org
Axel,Hanson,neque@vel.ca
Fuller,Harrell,faucibus.ut@pharetra.ca
Eliana,Hill,luctus.ut@Sed.com
Hiroko,Hoffman,neque.tellus.imperdiet@vitaealiquameros.net
Patience,Hopkins,vehicula.Pellentesque.tincidunt@mollisneccursus.ca
Amery,Horne,tellus.imperdiet@Vestibulumaccumsanneque.ca
Raya,Houston,diam@idenim.com
Orli,Humphrey,Donec@Duisami.net
Orson,Hunt,magna.a.tortor@nec.ca
Xander,Keith,tempus.non.lacinia@in.co.uk
Sebastian,Kemp,felis.eget.varius@indolorFusce.edu
Rina,Kidd,auctor.odio@Vestibulum.ca
Abbot,Le,leo.Morbi@diamat.ca
Jaquelyn,Lynn,sit@quama.net
Alfreda,Mcgee,at.lacus.Quisque@cursusnon.org
Adara,Mcknight,malesuada.Integer@leoCras.co.uk
Alan,Meadows,molestie.Sed.id@liberoDonec.net
Brennan,Melendez,ut@sedsapien.ca
Martena,Moore,ornare.placerat@Nullamvitae.com
Thomas,Morrison,purus.mauris.a@miDuis.net
Iona,Moses,enim.Sed@bibendumfermentum.com
Lee,Newman,sem.egestas@erat.com
Ryan,Newton,pellentesque.massa@ridiculusmus.co.uk
Salvador,Nieves,feugiat.nec.diam@orci.net
Holmes,Noel,enim@Fusce.ca
Chiquita,Oliver,ullamcorper.magna@Donec.org
Orli,Olson,sociis.natoque@gravida.ca
Alexis,Pace,eu@nec.edu
Myles,Peck,leo.Cras.vehicula@ultricessit.org
Dara,Peck,luctus.ut@lectusrutrum.org
Pamela,Peck,ligula@In.org
Heidi,Pitts,luctus@vulputatenisi.org
Brent,Pruitt,ullamcorper.eu@etmagnisdis.edu
Camilla,Reed,velit@Suspendissetristique.com
Mufutau,Rhodes,malesuada.id.erat@lacus.com
Adam,Rocha,massa.Suspendisse.eleifend@apurus.edu
Karyn,Rodgers,ante.ipsum.primis@duiFusce.ca
Magee,Roman,erat.semper.rutrum@Crasdictumultricies.net
Cadman,Russo,ante.iaculis.nec@sapienCras.com
Amy,Sanchez,semper.rutrum@feugiat.co.uk
Brynne,Sanford,lacus@Integersemelit.ca
Bernard,Saunders,eu.enim@urnajusto.org
Eaton,Shannon,sed@atarcuVestibulum.edu
Lesley,Short,mauris@Maecenasmifelis.net
Kylan,Sparks,egestas.ligula.Nullam@mus.edu
Kermit,Sullivan,sit.amet@nisi.co.uk
Barry,Swanson,dolor.tempus.non@ornare.edu
Dustin,Terry,Etiam@aliquam.net
Maile,Thornton,in@penatibuset.edu
Signe,Townsend,Duis@elementumdui.com
Pandora,Trujillo,Nam@quis.edu
Ray,Vega,dictum.Proin.eget@lobortis.org
Rosalyn,Villarreal,mauris.id@tortor.edu
Ferdinand,Waller,tortor.at@Morbi.org
Bruno,Walton,volutpat.nunc.sit@ligulaeuenim.co.uk
Guy,Whitaker,dignissim@Nullatemporaugue.co.uk
Stone,Whitfield,cursus@nonummy.edu
Ethan,Yang,nonummy@enim.co.uk
Bert,Zamora,Nullam.suscipit.est@metusInnec.edu
Liberty,Zimmerman,feugiat@gravidasitamet.ca
